INSERT INTO vehicle_type (id, name, price_per_km) VALUES (1, 'STANDARD', 80);
INSERT INTO vehicle_type (id, name, price_per_km) VALUES (2, 'LUXURY', 240);
INSERT INTO vehicle_type (id, name, price_per_km) VALUES (3, 'LUXARY', 240);
INSERT INTO vehicle_type (id, name, price_per_km) VALUES (4, 'VAN', 140);
INSERT INTO picture(id, picture_content) VALUES(1, '');
INSERT INTO picture(id, picture_content) VALUES(2, '');
INSERT INTO picture(id, picture_content) VALUES(3, '');
INSERT INTO picture(id, picture_content) VALUES(4, '');
INSERT INTO picture(id, picture_content) VALUES(5, '');
INSERT INTO picture(id, picture_content) VALUES(6, '');
INSERT INTO picture(id, picture_content) VALUES(7, '');
INSERT INTO picture(id, picture_content) VALUES(8, '');
INSERT INTO passenger(id, name, surname, profile_picture_id, telephone_number, email, address, password, active, blocked) VALUES (1, 'Selenium', 'Seleniumic', 1, '+381606337280', 'selenium@gmail.com', 'Selenium 40', '$2a$12$6rn0zPNVok07FQBdhWwI5e.6OhIOrBS.uxXbsnmjiiEtjcjYbyu0u', true, false);
INSERT INTO passenger(id, name, surname, profile_picture_id, telephone_number, email, address, password, active, blocked) VALUES (2, 'Selenium2', 'Seleniumic2', 2, '+381606337289', 'seleniumWithRide@gmail.com', 'Selenium 50', '$2a$12$epVaJ1u/6Auowl7DpcJRLeYgkVPCXAsuJD6pJNr7CxEDUjxYIbjsi', true, false);
INSERT INTO passenger(id, name, surname, profile_picture_id, telephone_number, email, address, password, active, blocked) VALUES (3, 'Selenium3', 'Seleniumic3', 3, '+381606337299', 'seleniumDemanding@gmail.com', 'Selenium 60', '$2a$12$JR.sC.k3t2Rc1WH3UuTXMOSoRF/uOM0tPcfDOtm6NisJpui4ndDUO', true, false);
INSERT INTO passenger(id, name, surname, profile_picture_id, telephone_number, email, address, password, active, blocked) VALUES (7, 'Selenium7', 'Seleniumic7', 7, '+381606337999', 'selenium7@gmail.com', 'Selenium 70', '$2a$12$iwqcegTf2K8DVUuYrAKzWuBFLSLFWezU2E.J1BWVtm2RxfVZJTUjK', true, false);
INSERT INTO location(id, address, latitude, longitude) VALUES (1, 'Bulevar oslobodjenja 40', 45.267, 19.833);
INSERT INTO location(id, address, latitude, longitude) VALUES (2, 'Bulevar oslobodjenja 50', 45.277, 19.843);
INSERT INTO location(id, address, latitude, longitude) VALUES (3, 'Bulevar oslobodjenja 60', 45.287, 19.853);
INSERT INTO driver(id, name, surname, profile_picture_id, telephone_number, email, address, password, active, blocked, status) VALUES (4, 'Driver', 'Driveric', 4, '+381607339280', 'driver@gmail.com','Driver 110', '$2a$12$taLu0ecWfPYyN3ObNeNvrOnFVfEd3IAHGxF0IdHTJwTz.0/NmFJSS', false, false, 'FREE');
INSERT INTO driver(id, name, surname, profile_picture_id, telephone_number, email, address, password, active, blocked, status) VALUES (5, 'Driver2', 'Driveric2', 5, '+381607339289', 'driverActive@gmail.com','Driver 120', '$2a$12$DkEMS7I92xkQ4ced90NQdudaIfQ9uMlCa30DhCCUuzyB9JgBLKPTq', false, false, 'INRIDE');
INSERT INTO driver(id, name, surname, profile_picture_id, telephone_number, email, address, password, active, blocked, status) VALUES (6, 'Driver3', 'Driveric3', 6, '+381607339299', 'driverThatDrives@gmail.com','Driver 130', '$2a$12$zYK81lY/PQzawA16QqBqU.Y90cBGYFpyLRiAMoxnEW0mv8sKY8z3K', false, false, 'INRIDE');
INSERT INTO vehicle(id, make, type_id, licence_plate, seats_num, location_id, is_babies_allowed, is_pets_allowed, driver_id) VALUES (1, 'Tesla', 1, 'NS-555-UP', 4,  1, false, false, 4);
INSERT INTO vehicle(id, make, type_id, licence_plate, seats_num, location_id, is_babies_allowed, is_pets_allowed, driver_id) VALUES (2, 'Tesla', 1, 'NS-556-UP', 4,  2, false, false, 5);
INSERT INTO vehicle(id, make, type_id, licence_plate, seats_num, location_id, is_babies_allowed, is_pets_allowed, driver_id) VALUES (3, 'Tesla', 1, 'NS-557-UP', 4,  3, false, false, 6);
INSERT INTO ride(id, start_time, end_time, estimated_time, is_baby_in_vehicle, is_panic, is_pet_in_vehicle, price, ride_state, driver_id, vehicle_type_id) VALUES(1, '2022-12-23 22:52:52.038935', '2022-12-23 23:52:52.038935', 11, false, false, false, 543, 'ACCEPTED', 5, 1);
INSERT INTO ride(id, start_time, end_time, estimated_time, is_baby_in_vehicle, is_panic, is_pet_in_vehicle, price, ride_state, driver_id, vehicle_type_id) VALUES(2, '2023-01-27 23:52:52.038935', '2023-01-28 23:52:52.038935', 11, false, false, false, 543, 'ACTIVE', 6, 1);
INSERT INTO passengers(ride_id, passenger_id) VALUES(1, 7);
INSERT INTO passengers(ride_id, passenger_id) VALUES(2, 2);
INSERT INTO route(id, distance, start_location_id, end_location_id) VALUES (1, 806, 1,2);
INSERT INTO route(id, distance, start_location_id, end_location_id) VALUES (2, 806, 1,3);
INSERT INTO ride_routes(ride_id, route_id) VALUES(1,1);
INSERT INTO ride_routes(ride_id, route_id) VALUES(2,2);
INSERT INTO admin(id, address, name, password, surname, telephone_number, username, image_id) VALUES (1, 'Selenijumska bb', 'sadmin', '$2a$12$rKbxmY7YiiGhE/py0CwbEOc8p9fLgZJoUWfdN1jHUNZU59/785rIK', 'sadmin', '+3811231233', 'sadmin', 6);
